event,fighter1,fighter2,fighter1_odds,fighter2_odds,result,date,link,timestamp,fighter1_implied_prob,fighter2_implied_prob,total_implied_prob,bookmaker_margin,fighter1_norm_prob,fighter2_norm_prob,result_encoded,has_result,odds_diff,odds_ratio,fighter1_is_favorite,underdog_odds,favorite_odds,odds_gap,year,month,day_of_week
UFC Fight Night: Whittaker vs. de Ridder,Robert Whittaker,Reinier de Ridder,1.67,2.36,Reinier de Ridder,2025-07-26,http://www.betmma.tips/mma_event_betting_history.php?Event=1807,2025-08-02 09:58:58.713051,0.5988023952095809,0.42372881355932207,1.022531208768903,0.02253120876890291,0.5856079404466502,0.4143920595533499,0,1,-0.69,0.7076271186440678,1,2.36,1.67,0.69,2025,7,5
UFC Fight Night: Whittaker vs. de Ridder,Petr Yan,Marcus McGhee,1.25,3.85,Petr Yan,2025-07-26,http://www.betmma.tips/mma_event_betting_history.php?Event=1807,2025-08-02 09:58:58.713051,0.8,0.2597402597402597,1.0597402597402596,0.05974025974025965,0.7549019607843138,0.24509803921568626,1,1,-2.6,0.3246753246753247,1,3.85,1.25,2.6,2025,7,5
UFC Fight Night: Whittaker vs. de Ridder,Marc-Andre Barriault,Sharabutdin Magomedov,3.6,1.3,Sharabutdin Magomedov,2025-07-26,http://www.betmma.tips/mma_event_betting_history.php?Event=1807,2025-08-02 09:58:58.713051,0.2777777777777778,0.7692307692307692,1.0470085470085468,0.04700854700854684,0.26530612244897966,0.7346938775510204,0,1,2.3,2.769230769230769,0,3.6,1.3,2.3,2025,7,5
UFC Fight Night: Whittaker vs. de Ridder,Assu Almabaev,Jose  Ochoa,2.0,2.05,Assu Almabaev,2025-07-26,http://www.betmma.tips/mma_event_betting_history.php?Event=1807,2025-08-02 09:58:58.713051,0.5,0.48780487804878053,0.9878048780487805,-0.012195121951219523,0.5061728395061729,0.4938271604938272,1,1,-0.04999999999999982,0.9756097560975611,1,2.05,2.0,0.04999999999999982,2025,7,5
UFC Fight Night: Whittaker vs. de Ridder,Nikita Krylov,Bogdan Guskov,1.56,2.71,Bogdan Guskov,2025-07-26,http://www.betmma.tips/mma_event_betting_history.php?Event=1807,2025-08-02 09:58:58.713051,0.641025641025641,0.36900369003690037,1.0100293310625412,0.010029331062541225,0.6346604215456675,0.3653395784543326,0,1,-1.15,0.5756457564575646,1,2.71,1.56,1.15,2025,7,5
UFC Fight Night: Whittaker vs. de Ridder,Bryce Mitchell,Said Nurmagomedov,1.75,2.33,Bryce Mitchell,2025-07-26,http://www.betmma.tips/mma_event_betting_history.php?Event=1807,2025-08-02 09:58:58.713051,0.5714285714285714,0.4291845493562232,1.0006131207847946,0.0006131207847945852,0.571078431372549,0.428921568627451,1,1,-0.5800000000000001,0.7510729613733905,1,2.33,1.75,0.5800000000000001,2025,7,5
UFC Fight Night: Whittaker vs. de Ridder,Muslim Salikhov,Carlos Leal Miranda,5.05,1.25,Muslim Salikhov,2025-07-26,http://www.betmma.tips/mma_event_betting_history.php?Event=1807,2025-08-02 09:58:58.713051,0.19801980198019803,0.8,0.998019801980198,-0.001980198019801982,0.19841269841269843,0.8015873015873016,1,1,3.8,4.04,0,5.05,1.25,3.8,2025,7,5
UFC Fight Night: Whittaker vs. de Ridder,DaMon Blackshear,Davey Grant,1.36,3.75,Davey Grant,2025-07-26,http://www.betmma.tips/mma_event_betting_history.php?Event=1807,2025-08-02 09:58:58.713051,0.7352941176470588,0.26666666666666666,1.0019607843137255,0.0019607843137254832,0.7338551859099803,0.26614481409001955,0,1,-2.3899999999999997,0.3626666666666667,1,3.75,1.36,2.3899999999999997,2025,7,5
UFC Fight Night: Whittaker vs. de Ridder,Amanda Ribas,Tabatha Ricci,1.62,2.66,Tabatha Ricci,2025-07-26,http://www.betmma.tips/mma_event_betting_history.php?Event=1807,2025-08-02 09:58:58.713051,0.6172839506172839,0.37593984962406013,0.993223800241344,-0.006776199758655954,0.6214953271028038,0.37850467289719625,0,1,-1.04,0.6090225563909775,1,2.66,1.62,1.04,2025,7,5
UFC Fight Night: Whittaker vs. de Ridder,Ibo Aslan,Billy Elekana,1.4,3.45,Billy Elekana,2025-07-26,http://www.betmma.tips/mma_event_betting_history.php?Event=1807,2025-08-02 09:58:58.713051,0.7142857142857143,0.2898550724637681,1.0041407867494825,0.0041407867494824835,0.7113402061855669,0.28865979381443296,0,1,-2.0500000000000003,0.40579710144927533,1,3.45,1.4,2.0500000000000003,2025,7,5
UFC Fight Night: Whittaker vs. de Ridder,Mohammad Yahya,Steven Nguyen,4.2,1.39,Steven Nguyen,2025-07-26,http://www.betmma.tips/mma_event_betting_history.php?Event=1807,2025-08-02 09:58:58.713051,0.23809523809523808,0.7194244604316548,0.9575196985268928,-0.04248030147310722,0.24865831842576028,0.7513416815742398,0,1,2.8100000000000005,3.02158273381295,0,4.2,1.39,2.8100000000000005,2025,7,5
UFC Fight Night: Whittaker vs. de Ridder,Martin Buday,Marcus Almeida,3.29,1.43,Martin Buday,2025-07-26,http://www.betmma.tips/mma_event_betting_history.php?Event=1807,2025-08-02 09:58:58.713051,0.303951367781155,0.6993006993006994,1.0032520670818543,0.0032520670818543262,0.3029661016949152,0.6970338983050848,1,1,1.86,2.300699300699301,0,3.29,1.43,1.86,2025,7,5
UFC 318,Max Holloway,Dustin Poirier,1.91,1.98,Max Holloway,2025-07-19,http://www.betmma.tips/mma_event_betting_history.php?Event=1810,2025-08-02 09:58:58.713051,0.5235602094240838,0.5050505050505051,1.0286107144745888,0.02861071447458885,0.5089974293059126,0.4910025706940874,1,1,-0.07000000000000006,0.9646464646464646,1,1.98,1.91,0.07000000000000006,2025,7,5
UFC 318,Paulo Costa,Roman Kopylov,2.96,1.48,Paulo Costa,2025-07-19,http://www.betmma.tips/mma_event_betting_history.php?Event=1810,2025-08-02 09:58:58.713051,0.33783783783783783,0.6756756756756757,1.0135135135135136,0.013513513513513598,0.3333333333333333,0.6666666666666666,1,1,1.48,2.0,0,2.96,1.48,1.48,2025,7,5
UFC 318,Kevin Holland,Daniel Rodriguez,1.2,6.0,Daniel Rodriguez,2025-07-19,http://www.betmma.tips/mma_event_betting_history.php?Event=1810,2025-08-02 09:58:58.713051,0.8333333333333334,0.16666666666666666,1.0,0.0,0.8333333333333334,0.16666666666666666,0,1,-4.8,0.19999999999999998,1,6.0,1.2,4.8,2025,7,5
UFC 318,Dan Ige,Patricio Freire,1.51,2.86,Patricio Freire,2025-07-19,http://www.betmma.tips/mma_event_betting_history.php?Event=1810,2025-08-02 09:58:58.713051,0.6622516556291391,0.3496503496503497,1.011902005279489,0.011902005279488925,0.654462242562929,0.34553775743707094,0,1,-1.3499999999999999,0.527972027972028,1,2.86,1.51,1.3499999999999999,2025,7,5
UFC 318,Michael Johnson,Daniel Zellhuber,7.0,1.16,Michael Johnson,2025-07-19,http://www.betmma.tips/mma_event_betting_history.php?Event=1810,2025-08-02 09:58:58.713051,0.14285714285714285,0.8620689655172414,1.0049261083743843,0.0049261083743843415,0.142156862745098,0.8578431372549019,1,1,5.84,6.03448275862069,0,7.0,1.16,5.84,2025,7,5
UFC 318,Kyler Phillips,Vinicius  de Oliveira,2.24,1.78,Vinicius  de Oliveira,2025-07-19,http://www.betmma.tips/mma_event_betting_history.php?Event=1810,2025-08-02 09:58:58.713051,0.4464285714285714,0.5617977528089888,1.0082263242375602,0.0082263242375602,0.4427860696517413,0.5572139303482587,0,1,0.4600000000000002,1.258426966292135,0,2.24,1.78,0.4600000000000002,2025,7,5
UFC 318,Marvin Vettori,Brendan Allen,3.0,1.38,Brendan Allen,2025-07-19,http://www.betmma.tips/mma_event_betting_history.php?Event=1810,2025-08-02 09:58:58.713051,0.3333333333333333,0.7246376811594204,1.0579710144927537,0.05797101449275366,0.3150684931506849,0.6849315068493151,0,1,1.62,2.173913043478261,0,3.0,1.38,1.62,2025,7,5
UFC 318,Francisco Prado,Nikolay Veretennikov,1.84,2.2,Nikolay Veretennikov,2025-07-19,http://www.betmma.tips/mma_event_betting_history.php?Event=1810,2025-08-02 09:58:58.713051,0.5434782608695652,0.45454545454545453,0.9980237154150198,-0.0019762845849802257,0.5445544554455445,0.4554455445544554,0,1,-0.3600000000000001,0.8363636363636363,1,2.2,1.84,0.3600000000000001,2025,7,5
UFC 318,Robert Valentin,Ateba  Gautier,3.4,1.29,Ateba  Gautier,2025-07-19,http://www.betmma.tips/mma_event_betting_history.php?Event=1810,2025-08-02 09:58:58.713051,0.29411764705882354,0.7751937984496123,1.0693114455084358,0.06931144550843582,0.2750533049040512,0.7249466950959489,0,1,2.11,2.635658914728682,0,3.4,1.29,2.11,2025,7,5
UFC 318,Adam Fugitt,Islam Dulatov,4.9,1.22,Islam Dulatov,2025-07-19,http://www.betmma.tips/mma_event_betting_history.php?Event=1810,2025-08-02 09:58:58.713051,0.2040816326530612,0.819672131147541,1.0237537638006022,0.023753763800602234,0.19934640522875816,0.8006535947712419,0,1,3.6800000000000006,4.0163934426229515,0,4.9,1.22,3.6800000000000006,2025,7,5
UFC 318,Jim Crute,Marcin Prachnio,1.32,6.8,Jim Crute,2025-07-19,http://www.betmma.tips/mma_event_betting_history.php?Event=1810,2025-08-02 09:58:58.713051,0.7575757575757576,0.14705882352941177,0.9046345811051694,-0.09536541889483063,0.8374384236453202,0.1625615763546798,1,1,-5.4799999999999995,0.19411764705882353,1,6.8,1.32,5.4799999999999995,2025,7,5
UFC 318,Ryan Spann,Lukasz Brzeski,1.49,3.15,Ryan Spann,2025-07-19,http://www.betmma.tips/mma_event_betting_history.php?Event=1810,2025-08-02 09:58:58.713051,0.6711409395973155,0.31746031746031744,0.9886012570576329,-0.01139874294236709,0.6788793103448276,0.3211206896551724,1,1,-1.66,0.473015873015873,1,3.15,1.49,1.66,2025,7,5
UFC 318,Brunno Ferreira,Jackson McVey,1.26,5.25,Brunno Ferreira,2025-07-19,http://www.betmma.tips/mma_event_betting_history.php?Event=1810,2025-08-02 09:58:58.713051,0.7936507936507936,0.19047619047619047,0.9841269841269841,-0.015873015873015928,0.8064516129032258,0.1935483870967742,1,1,-3.99,0.24,1,5.25,1.26,3.99,2025,7,5
UFC 318,Nicolle  Caliari,Carli Judice,8.0,1.27,Carli Judice,2025-07-19,http://www.betmma.tips/mma_event_betting_history.php?Event=1810,2025-08-02 09:58:58.713051,0.125,0.7874015748031495,0.9124015748031495,-0.08759842519685046,0.13700107874865158,0.8629989212513485,0,1,6.73,6.299212598425196,0,8.0,1.27,6.73,2025,7,5
UFC Fight Night: Lewis vs. Teixeira,Derrick Lewis,Talisson Teixeira,3.1,1.41,Derrick Lewis,2025-07-12,http://www.betmma.tips/mma_event_betting_history.php?Event=1820,2025-08-02 09:58:58.713051,0.3225806451612903,0.7092198581560284,1.0318005033173188,0.03180050331731876,0.31263858093126384,0.6873614190687362,1,1,1.6900000000000002,2.1985815602836882,0,3.1,1.41,1.6900000000000002,2025,7,5
UFC Fight Night: Lewis vs. Teixeira,Stephen Thompson,Gabriel Bonfim,4.33,1.25,Gabriel Bonfim,2025-07-12,http://www.betmma.tips/mma_event_betting_history.php?Event=1820,2025-08-02 09:58:58.713051,0.23094688221709006,0.8,1.0309468822170902,0.030946882217090188,0.2240143369175627,0.7759856630824372,0,1,3.08,3.464,0,4.33,1.25,3.08,2025,7,5
UFC Fight Night: Lewis vs. Teixeira,Calvin Kattar,Steve Garcia,2.2,1.74,Steve Garcia,2025-07-12,http://www.betmma.tips/mma_event_betting_history.php?Event=1820,2025-08-02 09:58:58.713051,0.45454545454545453,0.5747126436781609,1.0292580982236155,0.02925809822361547,0.4416243654822335,0.5583756345177665,0,1,0.4600000000000002,1.264367816091954,0,2.2,1.74,0.4600000000000002,2025,7,5
UFC Fight Night: Lewis vs. Teixeira,Nate Landwehr,Morgan Charriere,3.1,1.42,Morgan Charriere,2025-07-12,http://www.betmma.tips/mma_event_betting_history.php?Event=1820,2025-08-02 09:58:58.713051,0.3225806451612903,0.7042253521126761,1.0268059972739665,0.026805997273966486,0.31415929203539816,0.6858407079646017,0,1,1.6800000000000002,2.183098591549296,0,3.1,1.42,1.6800000000000002,2025,7,5
UFC Fight Night: Lewis vs. Teixeira,Vitor Petrino,Austen Lane,1.15,5.6,Vitor Petrino,2025-07-12,http://www.betmma.tips/mma_event_betting_history.php?Event=1820,2025-08-02 09:58:58.713051,0.8695652173913044,0.17857142857142858,1.048136645962733,0.04813664596273304,0.8296296296296296,0.17037037037037037,1,1,-4.449999999999999,0.20535714285714285,1,5.6,1.15,4.449999999999999,2025,7,5
UFC Fight Night: Lewis vs. Teixeira,Junior Tafa,George Tokkos,1.61,2.5,George Tokkos,2025-07-12,http://www.betmma.tips/mma_event_betting_history.php?Event=1820,2025-08-02 09:58:58.713051,0.6211180124223602,0.4,1.0211180124223602,0.02111801242236022,0.608272506082725,0.39172749391727496,0,1,-0.8899999999999999,0.644,1,2.5,1.61,0.8899999999999999,2025,7,5
UFC Fight Night: Lewis vs. Teixeira,Chris Curtis,Max Griffin,1.33,3.5,Chris Curtis,2025-07-12,http://www.betmma.tips/mma_event_betting_history.php?Event=1820,2025-08-02 09:58:58.713051,0.7518796992481203,0.2857142857142857,1.037593984962406,0.03759398496240607,0.7246376811594202,0.27536231884057966,1,1,-2.17,0.38,1,3.5,1.33,2.17,2025,7,5
UFC Fight Night: Lewis vs. Teixeira,Jake Matthews,Chidi Njokuani,1.96,1.87,Jake Matthews,2025-07-12,http://www.betmma.tips/mma_event_betting_history.php?Event=1820,2025-08-02 09:58:58.713051,0.5102040816326531,0.53475935828877,1.044963439921423,0.04496343992142293,0.48825065274151447,0.5117493472584856,1,1,0.08999999999999986,1.0481283422459893,0,1.96,1.87,0.08999999999999986,2025,7,5
UFC Fight Night: Lewis vs. Teixeira,Lauren Murphy,Eduarda Moura,5.6,1.17,Eduarda Moura,2025-07-12,http://www.betmma.tips/mma_event_betting_history.php?Event=1820,2025-08-02 09:58:58.713051,0.17857142857142858,0.8547008547008548,1.0332722832722834,0.033272283272283376,0.172821270310192,0.827178729689808,0,1,4.43,4.786324786324786,0,5.6,1.17,4.43,2025,7,5
UFC Fight Night: Lewis vs. Teixeira,Kennedy Nzechukwu,Valter Walker,1.44,3.0,Valter Walker,2025-07-12,http://www.betmma.tips/mma_event_betting_history.php?Event=1820,2025-08-02 09:58:58.713051,0.6944444444444444,0.3333333333333333,1.0277777777777777,0.02777777777777768,0.6756756756756758,0.32432432432432434,0,1,-1.56,0.48,1,3.0,1.44,1.56,2025,7,5
UFC Fight Night: Lewis vs. Teixeira,Mitch Ramirez,Mike Davis,7.5,1.11,Mike Davis,2025-07-12,http://www.betmma.tips/mma_event_betting_history.php?Event=1820,2025-08-02 09:58:58.713051,0.13333333333333333,0.9009009009009008,1.034234234234234,0.03423423423423411,0.12891986062717772,0.8710801393728224,0,1,6.39,6.756756756756756,0,7.5,1.11,6.39,2025,7,5
UFC Fight Night: Lewis vs. Teixeira,Fatima Kline,Melissa Martinez,1.09,8.5,Fatima Kline,2025-07-12,http://www.betmma.tips/mma_event_betting_history.php?Event=1820,2025-08-02 09:58:58.713051,0.9174311926605504,0.11764705882352941,1.0350782514840797,0.035078251484079725,0.886339937434828,0.11366006256517207,1,1,-7.41,0.12823529411764706,1,8.5,1.09,7.41,2025,7,5
UFC 317,Ilia Topuria,Charles Oliveira,1.25,4.4,Ilia Topuria,2025-06-28,http://www.betmma.tips/mma_event_betting_history.php?Event=1800,2025-08-02 09:58:58.713051,0.8,0.22727272727272727,1.0272727272727273,0.027272727272727337,0.7787610619469026,0.22123893805309733,1,1,-3.1500000000000004,0.28409090909090906,1,4.4,1.25,3.1500000000000004,2025,6,5
UFC 317,Alexandre Pantoja,Kai Kara-France,1.43,3.15,Alexandre Pantoja,2025-06-28,http://www.betmma.tips/mma_event_betting_history.php?Event=1800,2025-08-02 09:58:58.713051,0.6993006993006994,0.31746031746031744,1.0167610167610168,0.016761016761016823,0.6877729257641921,0.3122270742358078,1,1,-1.72,0.45396825396825397,1,3.15,1.43,1.72,2025,6,5
UFC 317,Brandon Royval,Joshua Van,2.02,2.05,Joshua Van,2025-06-28,http://www.betmma.tips/mma_event_betting_history.php?Event=1800,2025-08-02 09:58:58.713051,0.49504950495049505,0.48780487804878053,0.9828543829992755,-0.017145617000724478,0.5036855036855037,0.49631449631449637,0,1,-0.029999999999999805,0.9853658536585367,1,2.05,2.02,0.029999999999999805,2025,6,5
UFC 317,Beneil Dariush,Renato Moicano,2.36,1.93,Beneil Dariush,2025-06-28,http://www.betmma.tips/mma_event_betting_history.php?Event=1800,2025-08-02 09:58:58.713051,0.42372881355932207,0.5181347150259068,0.9418635285852288,-0.058136471414771185,0.4498834498834499,0.5501165501165501,1,1,0.42999999999999994,1.2227979274611398,0,2.36,1.93,0.42999999999999994,2025,6,5
UFC 317,Payton Talbott,Felipe Lima,2.5,1.61,Payton Talbott,2025-06-28,http://www.betmma.tips/mma_event_betting_history.php?Event=1800,2025-08-02 09:58:58.713051,0.4,0.6211180124223602,1.0211180124223602,0.02111801242236022,0.39172749391727496,0.608272506082725,1,1,0.8899999999999999,1.5527950310559004,0,2.5,1.61,0.8899999999999999,2025,6,5
UFC 317,Gregory Rodrigues,Jack Hermansson,1.52,2.88,Gregory Rodrigues,2025-06-28,http://www.betmma.tips/mma_event_betting_history.php?Event=1800,2025-08-02 09:58:58.713051,0.6578947368421053,0.3472222222222222,1.0051169590643276,0.005116959064327631,0.6545454545454545,0.3454545454545454,1,1,-1.3599999999999999,0.5277777777777778,1,2.88,1.52,1.3599999999999999,2025,6,5
UFC 317,Jose  Delgado,Hyder Amil,1.74,2.22,Jose  Delgado,2025-06-28,http://www.betmma.tips/mma_event_betting_history.php?Event=1800,2025-08-02 09:58:58.713051,0.5747126436781609,0.4504504504504504,1.0251630941286112,0.025163094128611174,0.5606060606060607,0.43939393939393945,1,1,-0.4800000000000002,0.7837837837837837,1,2.22,1.74,0.4800000000000002,2025,6,5
UFC 317,Tracy Cortez,Viviane Araujo,1.44,3.0,Tracy Cortez,2025-06-28,http://www.betmma.tips/mma_event_betting_history.php?Event=1800,2025-08-02 09:58:58.713051,0.6944444444444444,0.3333333333333333,1.0277777777777777,0.02777777777777768,0.6756756756756758,0.32432432432432434,1,1,-1.56,0.48,1,3.0,1.44,1.56,2025,6,5
UFC 317,Terrance McKinney,Viacheslav Borshchev,1.67,2.36,Terrance McKinney,2025-06-28,http://www.betmma.tips/mma_event_betting_history.php?Event=1800,2025-08-02 09:58:58.713051,0.5988023952095809,0.42372881355932207,1.022531208768903,0.02253120876890291,0.5856079404466502,0.4143920595533499,1,1,-0.69,0.7076271186440678,1,2.36,1.67,0.69,2025,6,5
UFC 317,Niko Price,Jacobe Smith,13.0,1.06,Jacobe Smith,2025-06-28,http://www.betmma.tips/mma_event_betting_history.php?Event=1800,2025-08-02 09:58:58.713051,0.07692307692307693,0.9433962264150942,1.0203193033381712,0.020319303338171224,0.07539118065433856,0.9246088193456614,0,1,11.94,12.264150943396226,0,13.0,1.06,11.94,2025,6,5
UFC 317,Jhonata Diniz,Alvin  Hines,1.25,4.8,Jhonata Diniz,2025-06-28,http://www.betmma.tips/mma_event_betting_history.php?Event=1800,2025-08-02 09:58:58.713051,0.8,0.20833333333333334,1.0083333333333333,0.008333333333333304,0.7933884297520661,0.2066115702479339,1,1,-3.55,0.2604166666666667,1,4.8,1.25,3.55,2025,6,5
UFC Fight Night: Hill vs. Rountree,Jamahal Hill,Khalil Rountree,2.1,2.0,Khalil Rountree,2025-06-21,http://www.betmma.tips/mma_event_betting_history.php?Event=1783,2025-08-02 09:58:58.713051,0.47619047619047616,0.5,0.9761904761904762,-0.023809523809523836,0.4878048780487805,0.5121951219512195,0,1,0.10000000000000009,1.05,0,2.1,2.0,0.10000000000000009,2025,6,5
UFC Fight Night: Hill vs. Rountree,Rafael Fiziev,Ignacio Bahamondes,2.22,1.8,Rafael Fiziev,2025-06-21,http://www.betmma.tips/mma_event_betting_history.php?Event=1783,2025-08-02 09:58:58.713051,0.4504504504504504,0.5555555555555556,1.006006006006006,0.006006006006006093,0.44776119402985065,0.5522388059701492,1,1,0.42000000000000015,1.2333333333333334,0,2.22,1.8,0.42000000000000015,2025,6,5
UFC Fight Night: Hill vs. Rountree,Curtis Blaydes,Rizvan Kuniev,1.42,3.2,Curtis Blaydes,2025-06-21,http://www.betmma.tips/mma_event_betting_history.php?Event=1783,2025-08-02 09:58:58.713051,0.7042253521126761,0.3125,1.016725352112676,0.016725352112676006,0.6926406926406927,0.3073593073593074,1,1,-1.7800000000000002,0.44375,1,3.2,1.42,1.7800000000000002,2025,6,5
UFC Fight Night: Hill vs. Rountree,Myktybek Orolbai,Tofiq Musayev,1.67,2.54,Myktybek Orolbai,2025-06-21,http://www.betmma.tips/mma_event_betting_history.php?Event=1783,2025-08-02 09:58:58.713051,0.5988023952095809,0.39370078740157477,0.9925031826111557,-0.007496817388844335,0.6033254156769596,0.3966745843230403,1,1,-0.8700000000000001,0.6574803149606299,1,2.54,1.67,0.8700000000000001,2025,6,5
UFC Fight Night: Hill vs. Rountree,Nazim Sadykhov,Nikolas Motta,1.24,4.6,Nazim Sadykhov,2025-06-21,http://www.betmma.tips/mma_event_betting_history.php?Event=1783,2025-08-02 09:58:58.713051,0.8064516129032259,0.2173913043478261,1.023842917251052,0.02384291725105192,0.7876712328767124,0.2123287671232877,1,1,-3.3599999999999994,0.26956521739130435,1,4.6,1.24,3.3599999999999994,2025,6,5
UFC Fight Night: Hill vs. Rountree,Muhammadjon Naimov,Bogdan Grad,1.4,3.1,Muhammadjon Naimov,2025-06-21,http://www.betmma.tips/mma_event_betting_history.php?Event=1783,2025-08-02 09:58:58.713051,0.7142857142857143,0.3225806451612903,1.0368663594470047,0.03686635944700467,0.6888888888888889,0.31111111111111106,1,1,-1.7000000000000002,0.4516129032258064,1,3.1,1.4,1.7000000000000002,2025,6,5
UFC Fight Night: Hill vs. Rountree,Seok Hyun Ko,Oban Elliott,4.7,1.21,Seok Hyun Ko,2025-06-21,http://www.betmma.tips/mma_event_betting_history.php?Event=1783,2025-08-02 09:58:58.713051,0.2127659574468085,0.8264462809917356,1.039212238438544,0.039212238438544045,0.20473773265651438,0.7952622673434856,1,1,3.49,3.8842975206611574,0,4.7,1.21,3.49,2025,6,5
UFC Fight Night: Hill vs. Rountree,Jun Yong Park,Ismail Naurdiev,1.61,2.52,Jun Yong Park,2025-06-21,http://www.betmma.tips/mma_event_betting_history.php?Event=1783,2025-08-02 09:58:58.713051,0.6211180124223602,0.3968253968253968,1.017943409247757,0.01794340924775706,0.6101694915254237,0.38983050847457623,1,1,-0.9099999999999999,0.638888888888889,1,2.52,1.61,0.9099999999999999,2025,6,5
UFC Fight Night: Hill vs. Rountree,Dariya Zheleznyakova,Melissa Mullins,3.25,1.4,Dariya Zheleznyakova,2025-06-21,http://www.betmma.tips/mma_event_betting_history.php?Event=1783,2025-08-02 09:58:58.713051,0.3076923076923077,0.7142857142857143,1.021978021978022,0.0219780219780219,0.30107526881720437,0.6989247311827957,1,1,1.85,2.3214285714285716,0,3.25,1.4,1.85,2025,6,5
UFC Fight Night: Hill vs. Rountree,Irina Alekseeva,Klaudia Syguła,1.37,3.25,Klaudia Syguła,2025-06-21,http://www.betmma.tips/mma_event_betting_history.php?Event=1783,2025-08-02 09:58:58.713051,0.7299270072992701,0.3076923076923077,1.0376193149915778,0.03761931499157778,0.7034632034632035,0.29653679653679654,0,1,-1.88,0.4215384615384616,1,3.25,1.37,1.88,2025,6,5
UFC Fight Night: Hill vs. Rountree,Tagir Ulanbekov,Azat Maksum,1.25,4.8,Tagir Ulanbekov,2025-06-21,http://www.betmma.tips/mma_event_betting_history.php?Event=1783,2025-08-02 09:58:58.713051,0.8,0.20833333333333334,1.0083333333333333,0.008333333333333304,0.7933884297520661,0.2066115702479339,1,1,-3.55,0.2604166666666667,1,4.8,1.25,3.55,2025,6,5
UFC Fight Night: Hill vs. Rountree,Mohammed Usman,Hamdy Abdelwahab,2.42,1.62,Mohammed Usman,2025-06-21,http://www.betmma.tips/mma_event_betting_history.php?Event=1783,2025-08-02 09:58:58.713051,0.4132231404958678,0.6172839506172839,1.0305070911131518,0.030507091113151752,0.400990099009901,0.599009900990099,1,1,0.7999999999999998,1.493827160493827,0,2.42,1.62,0.7999999999999998,2025,6,5
UFC Fight Night: Usman vs. Buckley,Kamaru Usman,Joaquin Buckley,3.4,1.38,Kamaru Usman,2025-06-14,http://www.betmma.tips/mma_event_betting_history.php?Event=1793,2025-08-02 09:58:58.713051,0.29411764705882354,0.7246376811594204,1.018755328218244,0.018755328218243994,0.28870292887029286,0.7112970711297071,1,1,2.02,2.4637681159420293,0,3.4,1.38,2.02,2025,6,5
UFC Fight Night: Usman vs. Buckley,Rose Namajunas,Miranda Maverick,1.43,3.0,Rose Namajunas,2025-06-14,http://www.betmma.tips/mma_event_betting_history.php?Event=1793,2025-08-02 09:58:58.713051,0.6993006993006994,0.3333333333333333,1.0326340326340326,0.03263403263403264,0.6772009029345373,0.3227990970654627,1,1,-1.57,0.4766666666666666,1,3.0,1.43,1.57,2025,6,5
UFC Fight Night: Usman vs. Buckley,Edmen Shahbazyan,Andre Petroski,1.68,2.3,Edmen Shahbazyan,2025-06-14,http://www.betmma.tips/mma_event_betting_history.php?Event=1793,2025-08-02 09:58:58.713051,0.5952380952380952,0.4347826086956522,1.0300207039337475,0.03002070393374745,0.5778894472361809,0.42211055276381915,1,1,-0.6199999999999999,0.7304347826086957,1,2.3,1.68,0.6199999999999999,2025,6,5
UFC Fight Night: Usman vs. Buckley,Cody Garbrandt,Raoni Barcelos,3.05,1.43,Raoni Barcelos,2025-06-14,http://www.betmma.tips/mma_event_betting_history.php?Event=1793,2025-08-02 09:58:58.713051,0.3278688524590164,0.6993006993006994,1.027169551759716,0.027169551759715915,0.31919642857142855,0.6808035714285714,0,1,1.6199999999999999,2.132867132867133,0,3.05,1.43,1.6199999999999999,2025,6,5
UFC Fight Night: Usman vs. Buckley,Cody Brundage,Mansur  Abdul-Malik,7.5,1.12,Mansur  Abdul-Malik,2025-06-14,http://www.betmma.tips/mma_event_betting_history.php?Event=1793,2025-08-02 09:58:58.713051,0.13333333333333333,0.8928571428571428,1.026190476190476,0.026190476190476097,0.12993039443155455,0.8700696055684455,0,1,6.38,6.696428571428571,0,7.5,1.12,6.38,2025,6,5
UFC Fight Night: Usman vs. Buckley,Alonzo Menifield,Oumar Sy,6.0,1.15,Alonzo Menifield,2025-06-14,http://www.betmma.tips/mma_event_betting_history.php?Event=1793,2025-08-02 09:58:58.713051,0.16666666666666666,0.8695652173913044,1.0362318840579712,0.036231884057971175,0.1608391608391608,0.8391608391608392,1,1,4.85,5.217391304347826,0,6.0,1.15,4.85,2025,6,5
UFC Fight Night: Usman vs. Buckley,Paul Craig,Rodolfo Bellato,4.15,1.26,-,2025-06-14,http://www.betmma.tips/mma_event_betting_history.php?Event=1793,2025-08-02 09:58:58.713051,0.24096385542168672,0.7936507936507936,1.0346146490724804,0.03461464907248035,0.23290203327171902,0.7670979667282809,-1,0,2.8900000000000006,3.293650793650794,0,4.15,1.26,2.8900000000000006,2025,6,5
UFC Fight Night: Usman vs. Buckley,Michael Chiesa,Court McGee,1.3,3.75,Michael Chiesa,2025-06-14,http://www.betmma.tips/mma_event_betting_history.php?Event=1793,2025-08-02 09:58:58.713051,0.7692307692307692,0.26666666666666666,1.0358974358974358,0.03589743589743577,0.7425742574257426,0.25742574257425743,1,1,-2.45,0.3466666666666667,1,3.75,1.3,2.45,2025,6,5
UFC Fight Night: Usman vs. Buckley,Malcolm Wellmaker,Kris Moutinho,1.06,11.0,Malcolm Wellmaker,2025-06-14,http://www.betmma.tips/mma_event_betting_history.php?Event=1793,2025-08-02 09:58:58.713051,0.9433962264150942,0.09090909090909091,1.0343053173241852,0.03430531732418518,0.912106135986733,0.087893864013267,1,1,-9.94,0.09636363636363637,1,11.0,1.06,9.94,2025,6,5
UFC Fight Night: Usman vs. Buckley,Cody Durden,Jose  Ochoa,2.55,1.56,Jose  Ochoa,2025-06-14,http://www.betmma.tips/mma_event_betting_history.php?Event=1793,2025-08-02 09:58:58.713051,0.3921568627450981,0.641025641025641,1.033182503770739,0.03318250377073895,0.37956204379562053,0.6204379562043796,0,1,0.9899999999999998,1.6346153846153844,0,2.55,1.56,0.9899999999999998,2025,6,5
UFC Fight Night: Usman vs. Buckley,Ricky Simon,Cameron Smotherman,1.26,4.5,Ricky Simon,2025-06-14,http://www.betmma.tips/mma_event_betting_history.php?Event=1793,2025-08-02 09:58:58.713051,0.7936507936507936,0.2222222222222222,1.0158730158730158,0.015873015873015817,0.78125,0.21875,1,1,-3.24,0.28,1,4.5,1.26,3.24,2025,6,5
UFC Fight Night: Usman vs. Buckley,Phil Rowe,Ange Loosa,2.24,1.73,Phil Rowe,2025-06-14,http://www.betmma.tips/mma_event_betting_history.php?Event=1793,2025-08-02 09:58:58.713051,0.4464285714285714,0.5780346820809249,1.0244632535094964,0.024463253509496408,0.43576826196473545,0.5642317380352645,1,1,0.5100000000000002,1.294797687861272,0,2.24,1.73,0.5100000000000002,2025,6,5
UFC Fight Night: Usman vs. Buckley,Jamey Lyn-Horth,Vanessa Demopoulos,1.17,5.6,Jamey Lyn-Horth,2025-06-14,http://www.betmma.tips/mma_event_betting_history.php?Event=1793,2025-08-02 09:58:58.713051,0.8547008547008548,0.17857142857142858,1.0332722832722834,0.033272283272283376,0.827178729689808,0.172821270310192,1,1,-4.43,0.20892857142857144,1,5.6,1.17,4.43,2025,6,5
UFC 316,Merab Dvalishvili,Sean O'Malley,1.38,3.5,Merab Dvalishvili,2025-06-07,http://www.betmma.tips/mma_event_betting_history.php?Event=1778,2025-08-02 09:58:58.713051,0.7246376811594204,0.2857142857142857,1.010351966873706,0.010351966873705987,0.7172131147540984,0.2827868852459016,1,1,-2.12,0.39428571428571424,1,3.5,1.38,2.12,2025,6,5
UFC 316,Julianna Pena,Kayla Harrison,6.4,1.16,Kayla Harrison,2025-06-07,http://www.betmma.tips/mma_event_betting_history.php?Event=1778,2025-08-02 09:58:58.713051,0.15625,0.8620689655172414,1.0183189655172415,0.018318965517241548,0.1534391534391534,0.8465608465608465,0,1,5.24,5.517241379310345,0,6.4,1.16,5.24,2025,6,5
UFC 316,Joe Pyfer,Kelvin Gastelum,1.27,4.1,Joe Pyfer,2025-06-07,http://www.betmma.tips/mma_event_betting_history.php?Event=1778,2025-08-02 09:58:58.713051,0.7874015748031495,0.24390243902439027,1.0313040138275398,0.03130401382753978,0.7635009310986964,0.23649906890130357,1,1,-2.8299999999999996,0.30975609756097566,1,4.1,1.27,2.8299999999999996,2025,6,5
UFC 316,Mario Bautista,Patrick Mix,2.6,1.56,Mario Bautista,2025-06-07,http://www.betmma.tips/mma_event_betting_history.php?Event=1778,2025-08-02 09:58:58.713051,0.3846153846153846,0.641025641025641,1.0256410256410255,0.02564102564102555,0.375,0.625,1,1,1.04,1.6666666666666667,0,2.6,1.56,1.04,2025,6,5
UFC 316,Kevin Holland,Vicente Luque,1.46,3.1,Kevin Holland,2025-06-07,http://www.betmma.tips/mma_event_betting_history.php?Event=1778,2025-08-02 09:58:58.713051,0.684931506849315,0.3225806451612903,1.0075121520106054,0.0075121520106054,0.6798245614035088,0.3201754385964912,1,1,-1.6400000000000001,0.47096774193548385,1,3.1,1.46,1.6400000000000001,2025,6,5
UFC 316,Bruno Silva,Joshua Van,6.0,1.16,Joshua Van,2025-06-07,http://www.betmma.tips/mma_event_betting_history.php?Event=1778,2025-08-02 09:58:58.713051,0.16666666666666666,0.8620689655172414,1.028735632183908,0.028735632183908066,0.16201117318435754,0.8379888268156425,0,1,4.84,5.172413793103448,0,6.0,1.16,4.84,2025,6,5
UFC 316,Azamat Murzakanov,Brendson Ribeiro,1.18,5.6,Azamat Murzakanov,2025-06-07,http://www.betmma.tips/mma_event_betting_history.php?Event=1778,2025-08-02 09:58:58.713051,0.8474576271186441,0.17857142857142858,1.0260290556900726,0.026029055690072633,0.8259587020648969,0.17404129793510326,1,1,-4.42,0.21071428571428572,1,5.6,1.18,4.42,2025,6,5
UFC 316,Sergey Spivak,Waldo Cortes-Acosta,1.65,2.43,Waldo Cortes-Acosta,2025-06-07,http://www.betmma.tips/mma_event_betting_history.php?Event=1778,2025-08-02 09:58:58.713051,0.6060606060606061,0.4115226337448559,1.017583239805462,0.01758323980546206,0.5955882352941176,0.4044117647058823,0,1,-0.7800000000000002,0.6790123456790123,1,2.43,1.65,0.7800000000000002,2025,6,5
UFC 316,Kalinn Williams,Andreas Gustafsson,1.53,2.65,Andreas Gustafsson,2025-06-07,http://www.betmma.tips/mma_event_betting_history.php?Event=1778,2025-08-02 09:58:58.713051,0.6535947712418301,0.37735849056603776,1.0309532618078678,0.030953261807867838,0.6339712918660287,0.3660287081339713,0,1,-1.1199999999999999,0.5773584905660377,1,2.65,1.53,1.1199999999999999,2025,6,5
UFC 316,Ariane da Silva,Cong Wang,5.1,1.18,Cong Wang,2025-06-07,http://www.betmma.tips/mma_event_betting_history.php?Event=1778,2025-08-02 09:58:58.713051,0.19607843137254904,0.8474576271186441,1.0435360584911932,0.04353605849119324,0.1878980891719745,0.8121019108280254,0,1,3.92,4.322033898305085,0,5.1,1.18,3.92,2025,6,5
UFC 316,Jeka Asparido Saragih,Joo Sang Yoo,5.3,1.19,Joo Sang Yoo,2025-06-07,http://www.betmma.tips/mma_event_betting_history.php?Event=1778,2025-08-02 09:58:58.713051,0.18867924528301888,0.8403361344537815,1.0290153797368005,0.029015379736800462,0.18335901386748843,0.8166409861325115,0,1,4.109999999999999,4.453781512605042,0,5.3,1.19,4.109999999999999,2025,6,5
UFC 316,Yanal Ashmoz,Quillan Salkilld,5.0,1.21,Quillan Salkilld,2025-06-07,http://www.betmma.tips/mma_event_betting_history.php?Event=1778,2025-08-02 09:58:58.713051,0.2,0.8264462809917356,1.0264462809917356,0.026446280991735627,0.19484702093397746,0.8051529790660225,0,1,3.79,4.132231404958678,0,5.0,1.21,3.79,2025,6,5
UFC 316,Marquel Mederos,Mark Choinski,1.59,2.63,Marquel Mederos,2025-06-07,http://www.betmma.tips/mma_event_betting_history.php?Event=1778,2025-08-02 09:58:58.713051,0.6289308176100629,0.3802281368821293,1.0091589544921922,0.009158954492192173,0.6232227488151658,0.3767772511848341,1,1,-1.0399999999999998,0.6045627376425856,1,2.63,1.59,1.0399999999999998,2025,6,5
UFC Fight Night: Gamrot vs. Klein,Mateusz Gamrot,Ludovit Klein,1.68,2.4,Mateusz Gamrot,2025-05-31,http://www.betmma.tips/mma_event_betting_history.php?Event=1801,2025-08-02 09:58:58.713051,0.5952380952380952,0.4166666666666667,1.0119047619047619,0.011904761904761862,0.5882352941176471,0.411764705882353,1,1,-0.72,0.7,1,2.4,1.68,0.72,2025,5,5
UFC Fight Night: Gamrot vs. Klein,Billy Goff,Ramiz Brahimaj,1.27,4.4,Ramiz Brahimaj,2025-05-31,http://www.betmma.tips/mma_event_betting_history.php?Event=1801,2025-08-02 09:58:58.713051,0.7874015748031495,0.22727272727272727,1.0146743020758768,0.014674302075876833,0.7760141093474426,0.22398589065255733,0,1,-3.1300000000000003,0.28863636363636364,1,4.4,1.27,3.1300000000000003,2025,5,5
UFC Fight Night: Gamrot vs. Klein,Dustin Jacoby,Bruno Lopes,1.55,2.63,Dustin Jacoby,2025-05-31,http://www.betmma.tips/mma_event_betting_history.php?Event=1801,2025-08-02 09:58:58.713051,0.6451612903225806,0.3802281368821293,1.02538942720471,0.025389427204709936,0.6291866028708134,0.37081339712918665,1,1,-1.0799999999999998,0.5893536121673004,1,2.63,1.55,1.0799999999999998,2025,5,5
UFC Fight Night: Gamrot vs. Klein,Ketlen Vieira,Macy Chiasson,2.3,1.75,Ketlen Vieira,2025-05-31,http://www.betmma.tips/mma_event_betting_history.php?Event=1801,2025-08-02 09:58:58.713051,0.4347826086956522,0.5714285714285714,1.0062111801242235,0.006211180124223503,0.43209876543209885,0.5679012345679013,1,1,0.5499999999999998,1.3142857142857143,0,2.3,1.75,0.5499999999999998,2025,5,5
UFC Fight Night: Gamrot vs. Klein,Zachary Reese,Dusko Todorovic,1.5,2.85,Zachary Reese,2025-05-31,http://www.betmma.tips/mma_event_betting_history.php?Event=1801,2025-08-02 09:58:58.713051,0.6666666666666666,0.3508771929824561,1.0175438596491229,0.01754385964912286,0.6551724137931034,0.3448275862068965,1,1,-1.35,0.5263157894736842,1,2.85,1.5,1.35,2025,5,5
UFC Fight Night: Gamrot vs. Klein,Allan Nascimento,Jafel Filho,1.83,2.1,Allan Nascimento,2025-05-31,http://www.betmma.tips/mma_event_betting_history.php?Event=1801,2025-08-02 09:58:58.713051,0.5464480874316939,0.47619047619047616,1.02263856362217,0.022638563622169983,0.5343511450381679,0.4656488549618321,1,1,-0.27,0.8714285714285714,1,2.1,1.83,0.27,2025,5,5
UFC Fight Night: Gamrot vs. Klein,Jordan Leavitt,Kurt Holobaugh,1.43,3.1,Jordan Leavitt,2025-05-31,http://www.betmma.tips/mma_event_betting_history.php?Event=1801,2025-08-02 09:58:58.713051,0.6993006993006994,0.3225806451612903,1.0218813444619896,0.021881344461989638,0.6843267108167771,0.31567328918322296,1,1,-1.6700000000000002,0.4612903225806451,1,3.1,1.43,1.6700000000000002,2025,5,5
UFC Fight Night: Gamrot vs. Klein,Michael Aswell,Bolaji Oki,4.8,1.25,Bolaji Oki,2025-05-31,http://www.betmma.tips/mma_event_betting_history.php?Event=1801,2025-08-02 09:58:58.713051,0.20833333333333334,0.8,1.0083333333333333,0.008333333333333304,0.2066115702479339,0.7933884297520661,0,1,3.55,3.84,0,4.8,1.25,3.55,2025,5,5
UFC Fight Night: Gamrot vs. Klein,Alice Ardelean,Rayanne Amanda,2.76,1.49,Alice Ardelean,2025-05-31,http://www.betmma.tips/mma_event_betting_history.php?Event=1801,2025-08-02 09:58:58.713051,0.3623188405797102,0.6711409395973155,1.0334597801770258,0.03345978017702578,0.35058823529411764,0.6494117647058822,1,1,1.2699999999999998,1.8523489932885904,0,2.76,1.49,1.2699999999999998,2025,5,5
UFC Fight Night: Burns vs. Morales,Gilbert Burns,Michael Morales,5.1,1.21,Michael Morales,2025-05-17,http://www.betmma.tips/mma_event_betting_history.php?Event=1794,2025-08-02 09:58:58.713051,0.19607843137254904,0.8264462809917356,1.0225247123642847,0.02252471236428466,0.19175911251980984,0.8082408874801901,0,1,3.8899999999999997,4.214876033057851,0,5.1,1.21,3.8899999999999997,2025,5,5
UFC Fight Night: Burns vs. Morales,Sodiq Yusuff,Mairon Santos,2.3,1.7,Mairon Santos,2025-05-17,http://www.betmma.tips/mma_event_betting_history.php?Event=1794,2025-08-02 09:58:58.713051,0.4347826086956522,0.5882352941176471,1.0230179028132993,0.023017902813299296,0.425,0.575,0,1,0.5999999999999999,1.352941176470588,0,2.3,1.7,0.5999999999999999,2025,5,5
UFC Fight Night: Burns vs. Morales,Nursulton Ruziboev,Dustin Stoltzfus,1.43,3.05,Nursulton Ruziboev,2025-05-17,http://www.betmma.tips/mma_event_betting_history.php?Event=1794,2025-08-02 09:58:58.713051,0.6993006993006994,0.3278688524590164,1.027169551759716,0.027169551759715915,0.6808035714285714,0.31919642857142855,1,1,-1.6199999999999999,0.46885245901639344,1,3.05,1.43,1.6199999999999999,2025,5,5
UFC Fight Night: Burns vs. Morales,Julian Erosa,Melquizael Costa,2.4,1.62,Melquizael Costa,2025-05-17,http://www.betmma.tips/mma_event_betting_history.php?Event=1794,2025-08-02 09:58:58.713051,0.4166666666666667,0.6172839506172839,1.0339506172839505,0.033950617283950546,0.4029850746268657,0.5970149253731344,0,1,0.7799999999999998,1.4814814814814814,0,2.4,1.62,0.7799999999999998,2025,5,5
UFC Fight Night: Burns vs. Morales,Matheus Camilo,Gabriel Green,1.52,2.76,Gabriel Green,2025-05-17,http://www.betmma.tips/mma_event_betting_history.php?Event=1794,2025-08-02 09:58:58.713051,0.6578947368421053,0.3623188405797102,1.0202135774218155,0.02021357742181551,0.6448598130841121,0.3551401869158879,0,1,-1.2399999999999998,0.5507246376811594,1,2.76,1.52,1.2399999999999998,2025,5,5
UFC Fight Night: Burns vs. Morales,Thiago Moises,Jared Gordon,2.02,1.87,Jared Gordon,2025-05-17,http://www.betmma.tips/mma_event_betting_history.php?Event=1794,2025-08-02 09:58:58.713051,0.49504950495049505,0.53475935828877,1.029808863239265,0.029808863239265015,0.48071979434447304,0.5192802056555269,0,1,0.1499999999999999,1.0802139037433154,0,2.02,1.87,0.1499999999999999,2025,5,5
UFC Fight Night: Burns vs. Morales,Yadier DelValle,Connor Matthews,1.2,5.6,Yadier DelValle,2025-05-17,http://www.betmma.tips/mma_event_betting_history.php?Event=1794,2025-08-02 09:58:58.713051,0.8333333333333334,0.17857142857142858,1.0119047619047619,0.011904761904761862,0.823529411764706,0.17647058823529413,1,1,-4.3999999999999995,0.2142857142857143,1,5.6,1.2,4.3999999999999995,2025,5,5
UFC Fight Night: Burns vs. Morales,Luana Santos,Tainara Lisboa,1.56,2.54,Luana Santos,2025-05-17,http://www.betmma.tips/mma_event_betting_history.php?Event=1794,2025-08-02 09:58:58.713051,0.641025641025641,0.39370078740157477,1.0347264284272157,0.03472642842721574,0.6195121951219512,0.3804878048780488,1,1,-0.98,0.6141732283464567,1,2.54,1.56,0.98,2025,5,5
UFC Fight Night: Burns vs. Morales,Denise Gomes,Elise Reed,1.19,6.0,Denise Gomes,2025-05-17,http://www.betmma.tips/mma_event_betting_history.php?Event=1794,2025-08-02 09:58:58.713051,0.8403361344537815,0.16666666666666666,1.0070028011204482,0.007002801120448154,0.8344923504867873,0.16550764951321278,1,1,-4.8100000000000005,0.19833333333333333,1,6.0,1.19,4.8100000000000005,2025,5,5
UFC Fight Night: Burns vs. Morales,Carlos Hernandez,Hyun Sung Park,2.64,1.53,Hyun Sung Park,2025-05-17,http://www.betmma.tips/mma_event_betting_history.php?Event=1794,2025-08-02 09:58:58.713051,0.3787878787878788,0.6535947712418301,1.0323826500297089,0.03238265002970886,0.3669064748201439,0.6330935251798562,0,1,1.11,1.7254901960784315,0,2.64,1.53,1.11,2025,5,5
UFC Fight Night: Burns vs. Morales,Luana Pinheiro,Tecia Pennington,3.6,1.31,Tecia Pennington,2025-05-17,http://www.betmma.tips/mma_event_betting_history.php?Event=1794,2025-08-02 09:58:58.713051,0.2777777777777778,0.7633587786259541,1.0411365564037318,0.04113655640373182,0.26680244399185343,0.7331975560081467,0,1,2.29,2.7480916030534353,0,3.6,1.31,2.29,2025,5,5
UFC 315,Belal Muhammad,Jack Della Maddalena,1.53,2.7,Jack Della Maddalena,2025-05-10,http://www.betmma.tips/mma_event_betting_history.php?Event=1749,2025-08-02 09:58:58.713051,0.6535947712418301,0.37037037037037035,1.0239651416122004,0.023965141612200425,0.6382978723404256,0.36170212765957444,0,1,-1.1700000000000002,0.5666666666666667,1,2.7,1.53,1.1700000000000002,2025,5,5
UFC 315,Valentina Shevchenko,Manon Fiorot,2.2,1.78,Valentina Shevchenko,2025-05-10,http://www.betmma.tips/mma_event_betting_history.php?Event=1749,2025-08-02 09:58:58.713051,0.45454545454545453,0.5617977528089888,1.0163432073544434,0.01634320735444339,0.44723618090452255,0.5527638190954773,1,1,0.42000000000000015,1.2359550561797754,0,2.2,1.78,0.42000000000000015,2025,5,5
UFC 315,Jose Aldo,Aiemann Zahabi,1.56,2.6,Aiemann Zahabi,2025-05-10,http://www.betmma.tips/mma_event_betting_history.php?Event=1749,2025-08-02 09:58:58.713051,0.641025641025641,0.3846153846153846,1.0256410256410255,0.02564102564102555,0.625,0.375,0,1,-1.04,0.6,1,2.6,1.56,1.04,2025,5,5
UFC 315,Alexa Grasso,Natalia Cristina da Silva,3.05,1.43,Natalia Cristina da Silva,2025-05-10,http://www.betmma.tips/mma_event_betting_history.php?Event=1749,2025-08-02 09:58:58.713051,0.3278688524590164,0.6993006993006994,1.027169551759716,0.027169551759715915,0.31919642857142855,0.6808035714285714,0,1,1.6199999999999999,2.132867132867133,0,3.05,1.43,1.6199999999999999,2025,5,5
UFC 315,Benoit Saint-Denis,Kyle Prepolec,1.1,10.0,Benoit Saint-Denis,2025-05-10,http://www.betmma.tips/mma_event_betting_history.php?Event=1749,2025-08-02 09:58:58.713051,0.9090909090909091,0.1,1.009090909090909,0.009090909090909038,0.9009009009009009,0.09909909909909911,1,1,-8.9,0.11000000000000001,1,10.0,1.1,8.9,2025,5,5
UFC 315,Mike Malott,Charlie Radtke,1.5,2.8,Mike Malott,2025-05-10,http://www.betmma.tips/mma_event_betting_history.php?Event=1749,2025-08-02 09:58:58.713051,0.6666666666666666,0.35714285714285715,1.0238095238095237,0.023809523809523725,0.6511627906976745,0.3488372093023256,1,1,-1.2999999999999998,0.5357142857142857,1,2.8,1.5,1.2999999999999998,2025,5,5
UFC 315,Jessica Andrade,Jasmine Jasudavicius,3.5,1.36,Jasmine Jasudavicius,2025-05-10,http://www.betmma.tips/mma_event_betting_history.php?Event=1749,2025-08-02 09:58:58.713051,0.2857142857142857,0.7352941176470588,1.0210084033613445,0.021008403361344463,0.27983539094650206,0.7201646090534979,0,1,2.1399999999999997,2.5735294117647056,0,3.5,1.36,2.1399999999999997,2025,5,5
UFC 315,Ion Cutelaba,Modestas Bukauskas,1.91,1.94,Modestas Bukauskas,2025-05-10,http://www.betmma.tips/mma_event_betting_history.php?Event=1749,2025-08-02 09:58:58.713051,0.5235602094240838,0.5154639175257733,1.039024126949857,0.03902412694985702,0.5038961038961038,0.49610389610389616,0,1,-0.030000000000000027,0.9845360824742267,1,1.94,1.91,0.030000000000000027,2025,5,5
UFC 315,Navajo  Stirling,Ivan Erslan,1.33,3.85,Navajo  Stirling,2025-05-10,http://www.betmma.tips/mma_event_betting_history.php?Event=1749,2025-08-02 09:58:58.713051,0.7518796992481203,0.2597402597402597,1.0116199589883799,0.011619958988379864,0.7432432432432433,0.2567567567567568,1,1,-2.52,0.34545454545454546,1,3.85,1.33,2.52,2025,5,5
UFC 315,Bruno Silva,Marc-Andre Barriault,2.45,1.62,Marc-Andre Barriault,2025-05-10,http://www.betmma.tips/mma_event_betting_history.php?Event=1749,2025-08-02 09:58:58.713051,0.4081632653061224,0.6172839506172839,1.0254472159234063,0.025447215923406263,0.39803439803439805,0.601965601965602,0,1,0.8300000000000001,1.5123456790123457,0,2.45,1.62,0.8300000000000001,2025,5,5
UFC 315,Daniel Santos,Jung Young Lee,2.2,1.77,Daniel Santos,2025-05-10,http://www.betmma.tips/mma_event_betting_history.php?Event=1749,2025-08-02 09:58:58.713051,0.45454545454545453,0.5649717514124294,1.0195172059578839,0.019517205957883865,0.44584382871536526,0.5541561712846348,1,1,0.43000000000000016,1.2429378531073447,0,2.2,1.77,0.43000000000000016,2025,5,5
UFC 315,Brad Katona,Bekzat Almakhan,2.3,1.7,Bekzat Almakhan,2025-05-10,http://www.betmma.tips/mma_event_betting_history.php?Event=1749,2025-08-02 09:58:58.713051,0.4347826086956522,0.5882352941176471,1.0230179028132993,0.023017902813299296,0.425,0.575,0,1,0.5999999999999999,1.352941176470588,0,2.3,1.7,0.5999999999999999,2025,5,5
